split,num_records,num_unique_patients,num_unique_admissions,avg_sequence_length,median_sequence_length,p95_sequence_length,avg_diagnosis_codes_per_record,avg_procedure_codes_per_record,avg_medication_codes_per_record,avg_other_codes_per_record
overall,545825,223397,545825,50.41314157468053,36.0,147.0,11.66030870700316,1.5749645032748592,37.17786836440251,0.0
train,380922,156377,380922,50.450470174996454,36.0,147.0,11.650287985466841,1.5761651991746342,37.22401699035498,0.0
val,55061,22339,55061,50.59570294763989,36.0,147.0,11.684186629374693,1.5814641942572782,37.33005212400792,0.0
test,109842,44681,109842,50.19217603466798,36.0,147.0,11.683090256914477,1.5675424700934069,36.94154330766009,0.0
