{
  "day": "35.7",
  "status": "complete",
  "goal": "Ablate noisy curated rules and identify stricter ontology-score variants.",
  "input_scores": ".\\artifacts\\day35_6\\val_curated_sont_scores.csv",
  "modes": [
    "all",
    "no_noisy",
    "strict",
    "strong_weighted"
  ],
  "best_mode": "strong_weighted",
  "calibration_results": {
    "all": {
      "weights": {
        "w_det": 1.0,
        "w_ont": 0.0,
        "w_gen": 0.0
      },
      "Sdet": {
        "roc_auc": 0.8021388152469646,
        "average_precision": 0.7355130399450901,
        "threshold": 0.6939567594771952,
        "precision": 0.9293293718166383,
        "recall": 0.5326602603089649,
        "f1": 0.6771824016082889,
        "predicted_positive_rate": 0.13180050907666918
      },
      "Sont": {
        "roc_auc": 0.5965903370533225,
        "average_precision": 0.275255118519256,
        "threshold": 1.0,
        "precision": 0.3045440683135102,
        "recall": 0.6073470380732271,
        "f1": 0.40567110822229446,
        "predicted_positive_rate": 0.45858857094906436
      },
      "Scal": {
        "roc_auc": 0.8021388152469646,
        "average_precision": 0.7355130399450901,
        "threshold": 0.6939567594771952,
        "precision": 0.9293293718166383,
        "recall": 0.5326602603089649,
        "f1": 0.6771824016082889,
        "predicted_positive_rate": 0.13180050907666918
      },
      "flag_summary": {
        "flagged_count": 16395,
        "flagged_rate": 0.45858857094906436,
        "flagged_precision": 0.3045440683135102,
        "flagged_recall": 0.6073470380732271,
        "flagged_anomaly_type_counts": {
          "": 11402,
          "demographic_conflict": 2923,
          "missing_diagnosis": 1603,
          "medication_mismatch": 467
        }
      }
    },
    "no_noisy": {
      "weights": {
        "w_det": 0.8823529411764706,
        "w_ont": 0.11764705882352942,
        "w_gen": 0.0
      },
      "Sdet": {
        "roc_auc": 0.8021388152469646,
        "average_precision": 0.7355130399450901,
        "threshold": 0.6939567594771952,
        "precision": 0.9293293718166383,
        "recall": 0.5326602603089649,
        "f1": 0.6771824016082889,
        "predicted_positive_rate": 0.13180050907666918
      },
      "Sont": {
        "roc_auc": 0.6272722179468888,
        "average_precision": 0.4129527703502462,
        "threshold": 1.0,
        "precision": 0.9336244541484716,
        "recall": 0.2600656854397275,
        "f1": 0.4068119113309866,
        "predicted_positive_rate": 0.06405415233140331
      },
      "Scal": {
        "roc_auc": 0.8026010814666559,
        "average_precision": 0.7360075197736519,
        "threshold": 0.6123147877739957,
        "precision": 0.9289802840788637,
        "recall": 0.5330251794185622,
        "f1": 0.677384448910187,
        "predicted_positive_rate": 0.131940365304467
      },
      "flag_summary": {
        "flagged_count": 2290,
        "flagged_rate": 0.06405415233140331,
        "flagged_precision": 0.9336244541484716,
        "flagged_recall": 0.2600656854397275,
        "flagged_anomaly_type_counts": {
          "demographic_conflict": 2110,
          "": 152,
          "missing_diagnosis": 28
        }
      }
    },
    "strict": {
      "weights": {
        "w_det": 0.8823529411764706,
        "w_ont": 0.11764705882352942,
        "w_gen": 0.0
      },
      "Sdet": {
        "roc_auc": 0.8021388152469646,
        "average_precision": 0.7355130399450901,
        "threshold": 0.6939567594771952,
        "precision": 0.9293293718166383,
        "recall": 0.5326602603089649,
        "f1": 0.6771824016082889,
        "predicted_positive_rate": 0.13180050907666918
      },
      "Sont": {
        "roc_auc": 0.6272722179468888,
        "average_precision": 0.4129527703502462,
        "threshold": 1.0,
        "precision": 0.9336244541484716,
        "recall": 0.2600656854397275,
        "f1": 0.4068119113309866,
        "predicted_positive_rate": 0.06405415233140331
      },
      "Scal": {
        "roc_auc": 0.8026010814666559,
        "average_precision": 0.7360075197736519,
        "threshold": 0.6123147877739957,
        "precision": 0.9289802840788637,
        "recall": 0.5330251794185622,
        "f1": 0.677384448910187,
        "predicted_positive_rate": 0.131940365304467
      },
      "flag_summary": {
        "flagged_count": 2290,
        "flagged_rate": 0.06405415233140331,
        "flagged_precision": 0.9336244541484716,
        "flagged_recall": 0.2600656854397275,
        "flagged_anomaly_type_counts": {
          "demographic_conflict": 2110,
          "": 152,
          "missing_diagnosis": 28
        }
      }
    },
    "strong_weighted": {
      "weights": {
        "w_det": 0.6666666666666666,
        "w_ont": 0.3333333333333333,
        "w_gen": 0.0
      },
      "Sdet": {
        "roc_auc": 0.8021388152469646,
        "average_precision": 0.7355130399450901,
        "threshold": 0.6939567594771952,
        "precision": 0.9293293718166383,
        "recall": 0.5326602603089649,
        "f1": 0.6771824016082889,
        "predicted_positive_rate": 0.13180050907666918
      },
      "Sont": {
        "roc_auc": 0.6271955977473547,
        "average_precision": 0.4170699882124887,
        "threshold": 0.2631578947368421,
        "precision": 0.9336244541484716,
        "recall": 0.2600656854397275,
        "f1": 0.4068119113309866,
        "predicted_positive_rate": 0.06405415233140331
      },
      "Scal": {
        "roc_auc": 0.8026290259019222,
        "average_precision": 0.7361377485446639,
        "threshold": 0.46263783965146343,
        "precision": 0.9290404575301843,
        "recall": 0.5335117382313587,
        "f1": 0.6777932313398238,
        "predicted_positive_rate": 0.13205225028670528
      },
      "flag_summary": {
        "flagged_count": 2290,
        "flagged_rate": 0.06405415233140331,
        "flagged_precision": 0.9336244541484716,
        "flagged_recall": 0.2600656854397275,
        "flagged_anomaly_type_counts": {
          "demographic_conflict": 2110,
          "": 152,
          "missing_diagnosis": 28
        }
      }
    }
  },
  "heldout_results": {
    "all": {
      "weights": {
        "w_det": 1.0,
        "w_ont": 0.0,
        "w_gen": 0.0
      },
      "Sdet": {
        "roc_auc": 0.7983067210749735,
        "average_precision": 0.730970236126466,
        "threshold": 0.61397585216719,
        "precision": 0.9045185033735432,
        "recall": 0.5381340469529254,
        "f1": 0.6748017083587553,
        "predicted_positive_rate": 0.13680353546654733
      },
      "Sont": {
        "roc_auc": 0.5989584405456911,
        "average_precision": 0.27653620678324226,
        "threshold": 1.0,
        "precision": 0.3057016748291916,
        "recall": 0.6150103393747719,
        "f1": 0.4084006462035541,
        "predicted_positive_rate": 0.46260349071380624
      },
      "Scal": {
        "roc_auc": 0.7983067210749735,
        "average_precision": 0.730970236126466,
        "threshold": 0.61397585216719,
        "precision": 0.9045185033735432,
        "recall": 0.5381340469529254,
        "f1": 0.6748017083587553,
        "predicted_positive_rate": 0.13680353546654733
      },
      "flag_summary": {
        "flagged_count": 16539,
        "flagged_rate": 0.46260349071380624,
        "flagged_precision": 0.3057016748291916,
        "flagged_recall": 0.6150103393747719,
        "flagged_anomaly_type_counts": {
          "": 11483,
          "demographic_conflict": 2911,
          "missing_diagnosis": 1676,
          "medication_mismatch": 469
        }
      }
    },
    "no_noisy": {
      "weights": {
        "w_det": 0.8823529411764706,
        "w_ont": 0.11764705882352942,
        "w_gen": 0.0
      },
      "Sdet": {
        "roc_auc": 0.7983067210749735,
        "average_precision": 0.730970236126466,
        "threshold": 0.61397585216719,
        "precision": 0.9045185033735432,
        "recall": 0.5381340469529254,